﻿designator,quantity,value,pack,mpn,mount_type
B3,1,~,BLM_18650x3,,smt
"C1, C10, C16, C17, C18, C2, C25, C27, C28, C29, C3, C30, C4, C5, C8, C9",16,100n,C_0603_1608Metric_Pad1.08x0.95mm_HandSolder,CL10B104JB8NNNC,smt
C11,1,4.7u,C_0603_1608Metric_Pad1.08x0.95mm_HandSolder,GRM188R6YA475KE15J,smt
"C12, C13, C14, C15, C22, C24, C26, C35, C6, C7",10,1u,C_0603_1608Metric_Pad1.08x0.95mm_HandSolder,CL10A105KB8NNNC,smt
"C19, C20, C21, C31, C33, C34",6,10u,C_1206_3216Metric_Pad1.33x1.80mm_HandSolder,CL31B106KBHNNNE,smt
C23,1,33n,C_0603_1608Metric_Pad1.08x0.95mm_HandSolder,CL10B333KB8NNNC,smt
C32,1,22p,C_0603_1608Metric_Pad1.08x0.95mm_HandSolder,CL10C220JB8NNNC,smt
"D1, D8",2,PMEG60T,Nexperia_CFP3_SOD-123W,PMEG60T30ELRX,smt
"D10, D9",2,PMEG3020ER,Nexperia_CFP3_SOD-123W,"PMEG3020ER,115",smt
D11,1,ESDA25W,SOT-323_SC-70_Handsoldering,ESDA25W,smt
"D2, D3, D4",3,ESDA25P35,QFN1610_STM-L,ESDA25P35-1U1M,smt
"D5, D7",2,LED_green,LED_0603_1608Metric_Pad1.05x0.95mm_HandSolder,,smt
D6,1,LED_amber,LED_0603_1608Metric_Pad1.05x0.95mm_HandSolder,,smt
"H1, H2, H3, H4",4,Hole,MountingHole_3.2mm_M3_DIN965_Pad,,tht
J1,1,Conn_01x04,JST_PH_S4B-PH-SM4-TB_1x04-1MP_P2.00mm_Horizontal,4392,smt
"J10, J11, J8, J9",4,Conn_01x04,PinSocket_1x04_P2.54mm_Vertical,,tht
J2,1,(NC),BarrelJack_Wuerth_694106106102_2.0x5.5mm,694106106102,smt
J5,1,Barrel_Jack_Switch,BarrelJack_Wuerth_694106106102_2.0x5.5mm,694106106102,smt
J6,1,USB_C_Receptacle_USB2.0_16P,USB_C_Receptacle_GCT_USB4105-xx-A_16P_TopMnt_Horizontal,USB4105-GF-A-120,smt
L1,1,10uH,1274AS,DD1274AS-H-100M=P3,smt
"Q1, Q10, Q3, Q9",4,SiRA88DP,PowerPAK_SO-8_Single,SIRA88DP-T1-GE3,smt
"Q11, Q6, Q7, Q8",4,SiS413DN,Vishay_PowerPAK_1212-8_Single,SIS413DN-T1-GE3,smt
"Q2, Q4",2,Si2369DS,SOT-23,SI2369DS-T1-GE3,smt
"R1, R22, R23, R40",4,5.1k,R_0603_1608Metric_Pad0.98x0.95mm_HandSolder,CRCW06035K10FKEA,smt
"R10, R2, R3, R30, R4, R44, R5, R8",8,100R,R_0603_1608Metric_Pad0.98x0.95mm_HandSolder,CRCW0603100RFKEC,smt
"R11, R17, R18, R49",4,1M,R_0603_1608Metric_Pad0.98x0.95mm_HandSolder,CRCW06031M00FKEC,smt
"R12, R13, R15, R21, R35, R42, R7",7,10k,R_0603_1608Metric_Pad0.98x0.95mm_HandSolder,CRCW060310K0FKEC ,smt
R14,1,750k,R_0603_1608Metric_Pad0.98x0.95mm_HandSolder,CRCW0603750KFKEA ,smt
"R16, R46",2,430k,R_0603_1608Metric_Pad0.98x0.95mm_HandSolder,CRCW0603430KFKEA,smt
R19,1,8m,SenseResistor_1206,MSMA1206R0080FCM,smt
"R20, R25, R37, R48, R6",5,1k,R_0603_1608Metric_Pad0.98x0.95mm_HandSolder,CRCW06031K00FKEC,smt
R24,1,470R,R_0603_1608Metric_Pad0.98x0.95mm_HandSolder,CRCW0603470RFKEC,smt
"R28, R34, R36, R39, R41",5,100k,R_0603_1608Metric_Pad0.98x0.95mm_HandSolder,CRCW0603100KFKEA,smt
R29,1,22k,R_0603_1608Metric_Pad0.98x0.95mm_HandSolder,CRCW060322K0FKEA,smt
R38,1,10R,R_0603_1608Metric_Pad0.98x0.95mm_HandSolder,CRCW060310R0FKEC,smt
"R43, R47",2,10m,SenseResistor_1206,MFSA1206R0100FCM,smt
R45,1,9.1k,R_0603_1608Metric_Pad0.98x0.95mm_HandSolder,CRCW06039K10FKEA,smt
R50,1,200k,R_0603_1608Metric_Pad0.98x0.95mm_HandSolder,CRCW0603200KFKEA,smt
"TH1, TH3",2,NCP18XH103,R_0603_1608Metric_Pad0.98x0.95mm_HandSolder,NCP18XH103F03RB,smt
U1,1,TAS:BQ7791500,TSSOP-24_4.4x7.8mm_P0.65mm,BQ7791500PWR,smt
U2,1,STUSB4500,QFN-24-1EP_4x4mm_P0.5mm_EP2.7x2.7mm,STUSB4500QTR,smt
U3,1,BQ24617,QFN-24-1EP_4x4mm_P0.5mm_EP2.15x2.15mm_ThermalVias,BQ24617RGER,smt
