﻿pos_x,pos_y,rotation,side,designator,mpn,pack,value,mount_type,place
183.75,-113.5,90.0,bottom,B3,,BLM_18650x3,~,smt,True
152.75,-73.0,90.0,top,C1,CL10B104JB8NNNC,C_0603_1608Metric_Pad1.08x0.95mm_HandSolder,100n,smt,True
110.25,-82.25,180.0,top,C10,CL10B104JB8NNNC,C_0603_1608Metric_Pad1.08x0.95mm_HandSolder,100n,smt,True
140.75,-88.25,135.0,top,C11,GRM188R6YA475KE15J,C_0603_1608Metric_Pad1.08x0.95mm_HandSolder,4.7u,smt,True
139.25,-89.5,-60.0,top,C12,CL10A105KB8NNNC,C_0603_1608Metric_Pad1.08x0.95mm_HandSolder,1u,smt,True
133.5,-90.25,-105.0,top,C13,CL10A105KB8NNNC,C_0603_1608Metric_Pad1.08x0.95mm_HandSolder,1u,smt,True
137.5,-90.25,-75.0,top,C14,CL10A105KB8NNNC,C_0603_1608Metric_Pad1.08x0.95mm_HandSolder,1u,smt,True
130.25,-88.25,-135.0,top,C15,CL10A105KB8NNNC,C_0603_1608Metric_Pad1.08x0.95mm_HandSolder,1u,smt,True
131.75,-76.5,-60.0,top,C16,CL10B104JB8NNNC,C_0603_1608Metric_Pad1.08x0.95mm_HandSolder,100n,smt,True
154.25,-73.0,90.0,top,C17,CL10B104JB8NNNC,C_0603_1608Metric_Pad1.08x0.95mm_HandSolder,100n,smt,True
154.25,-76.5,-90.0,top,C18,CL10B104JB8NNNC,C_0603_1608Metric_Pad1.08x0.95mm_HandSolder,100n,smt,True
162.0,-70.75,90.0,top,C19,CL31B106KBHNNNE,C_1206_3216Metric_Pad1.33x1.80mm_HandSolder,10u,smt,True
124.25,-85.25,180.0,top,C2,CL10B104JB8NNNC,C_0603_1608Metric_Pad1.08x0.95mm_HandSolder,100n,smt,True
164.5,-70.75,90.0,top,C20,CL31B106KBHNNNE,C_1206_3216Metric_Pad1.33x1.80mm_HandSolder,10u,smt,True
167.0,-70.75,90.0,top,C21,CL31B106KBHNNNE,C_1206_3216Metric_Pad1.33x1.80mm_HandSolder,10u,smt,True
155.75,-76.5,90.0,top,C22,CL10A105KB8NNNC,C_0603_1608Metric_Pad1.08x0.95mm_HandSolder,1u,smt,True
147.0,-83.75,180.0,top,C23,CL10B333KB8NNNC,C_0603_1608Metric_Pad1.08x0.95mm_HandSolder,33n,smt,True
149.75,-89.5,-90.0,top,C24,CL10A105KB8NNNC,C_0603_1608Metric_Pad1.08x0.95mm_HandSolder,1u,smt,True
147.0,-82.25,180.0,top,C25,CL10B104JB8NNNC,C_0603_1608Metric_Pad1.08x0.95mm_HandSolder,100n,smt,True
158.75,-89.5,-90.0,top,C26,CL10A105KB8NNNC,C_0603_1608Metric_Pad1.08x0.95mm_HandSolder,1u,smt,True
158.75,-76.5,90.0,top,C27,CL10B104JB8NNNC,C_0603_1608Metric_Pad1.08x0.95mm_HandSolder,100n,smt,True
154.25,-93.0,-90.0,top,C28,CL10B104JB8NNNC,C_0603_1608Metric_Pad1.08x0.95mm_HandSolder,100n,smt,True
154.25,-89.5,90.0,top,C29,CL10B104JB8NNNC,C_0603_1608Metric_Pad1.08x0.95mm_HandSolder,100n,smt,True
124.25,-77.75,180.0,top,C3,CL10B104JB8NNNC,C_0603_1608Metric_Pad1.08x0.95mm_HandSolder,100n,smt,True
155.75,-73.0,-90.0,top,C30,CL10B104JB8NNNC,C_0603_1608Metric_Pad1.08x0.95mm_HandSolder,100n,smt,True
162.0,-95.0,90.0,top,C31,CL31B106KBHNNNE,C_1206_3216Metric_Pad1.33x1.80mm_HandSolder,10u,smt,True
152.75,-93.0,90.0,top,C32,CL10C220JB8NNNC,C_0603_1608Metric_Pad1.08x0.95mm_HandSolder,22p,smt,True
164.5,-95.0,90.0,top,C33,CL31B106KBHNNNE,C_1206_3216Metric_Pad1.33x1.80mm_HandSolder,10u,smt,True
167.0,-95.0,90.0,top,C34,CL31B106KBHNNNE,C_1206_3216Metric_Pad1.33x1.80mm_HandSolder,10u,smt,True
135.5,-90.5,-90.0,top,C35,CL10A105KB8NNNC,C_0603_1608Metric_Pad1.08x0.95mm_HandSolder,1u,smt,True
124.25,-74.75,180.0,top,C4,CL10B104JB8NNNC,C_0603_1608Metric_Pad1.08x0.95mm_HandSolder,100n,smt,True
110.25,-74.75,0.0,top,C5,CL10B104JB8NNNC,C_0603_1608Metric_Pad1.08x0.95mm_HandSolder,100n,smt,True
124.25,-80.75,0.0,top,C6,CL10A105KB8NNNC,C_0603_1608Metric_Pad1.08x0.95mm_HandSolder,1u,smt,True
124.25,-88.25,0.0,top,C7,CL10A105KB8NNNC,C_0603_1608Metric_Pad1.08x0.95mm_HandSolder,1u,smt,True
110.25,-79.25,180.0,top,C8,CL10B104JB8NNNC,C_0603_1608Metric_Pad1.08x0.95mm_HandSolder,100n,smt,True
110.25,-80.75,0.0,top,C9,CL10B104JB8NNNC,C_0603_1608Metric_Pad1.08x0.95mm_HandSolder,100n,smt,True
128.5,-83.0,90.0,top,D1,PMEG60T30ELRX,Nexperia_CFP3_SOD-123W,PMEG60T,smt,True
140.0,-61.5,180.0,top,D10,"PMEG3020ER,115",Nexperia_CFP3_SOD-123W,PMEG3020ER,smt,True
123.5,-61.1075,90.0,top,D11,ESDA25W,SOT-323_SC-70_Handsoldering,ESDA25W,smt,True
120.5,-60.75,180.0,top,D2,ESDA25P35-1U1M,QFN1610_STM-L,ESDA25P35,smt,True
178.5,-63.0,45.0,top,D3,ESDA25P35-1U1M,QFN1610_STM-L,ESDA25P35,smt,True
177.0,-111.0,0.0,top,D4,ESDA25P35-1U1M,QFN1610_STM-L,ESDA25P35,smt,True
143.0,-83.0,180.0,top,D5,,LED_0603_1608Metric_Pad1.05x0.95mm_HandSolder,LED_green,smt,True
142.75,-81.0,-165.0,top,D6,,LED_0603_1608Metric_Pad1.05x0.95mm_HandSolder,LED_amber,smt,True
142.75,-85.0,165.0,top,D7,,LED_0603_1608Metric_Pad1.05x0.95mm_HandSolder,LED_green,smt,True
159.5,-83.0,-90.0,top,D8,PMEG60T30ELRX,Nexperia_CFP3_SOD-123W,PMEG60T,smt,True
174.25,-62.25,90.0,top,D9,"PMEG3020ER,115",Nexperia_CFP3_SOD-123W,PMEG3020ER,smt,True
103.0,-113.0,0.0,bottom,H1,,MountingHole_3.2mm_M3_DIN965_Pad,Hole,tht,True
187.0,-113.0,0.0,bottom,H2,,MountingHole_3.2mm_M3_DIN965_Pad,Hole,tht,True
187.0,-53.0,0.0,bottom,H3,,MountingHole_3.2mm_M3_DIN965_Pad,Hole,tht,True
103.0,-53.0,0.0,bottom,H4,,MountingHole_3.2mm_M3_DIN965_Pad,Hole,tht,True
126.25,-110.5,0.0,top,J1,4392,JST_PH_S4B-PH-SM4-TB_1x04-1MP_P2.00mm_Horizontal,Conn_01x04,smt,True
174.38,-114.7,-90.0,bottom,J10,,PinSocket_1x04_P2.54mm_Vertical,Conn_01x04,tht,True
174.38,-51.3,-90.0,bottom,J11,,PinSocket_1x04_P2.54mm_Vertical,Conn_01x04,tht,True
165.0,-107.925,0.0,top,J2,694106106102,BarrelJack_Wuerth_694106106102_2.0x5.5mm,(NC),smt,True
165.0,-58.075,180.0,top,J5,694106106102,BarrelJack_Wuerth_694106106102_2.0x5.5mm,Barrel_Jack_Switch,smt,True
123.5,-53.0,180.0,top,J6,USB4105-GF-A-120,USB_C_Receptacle_GCT_USB4105-xx-A_16P_TopMnt_Horizontal,USB_C_Receptacle_USB2.0_16P,smt,True
108.0,-114.7,-90.0,bottom,J8,,PinSocket_1x04_P2.54mm_Vertical,Conn_01x04,tht,True
108.0,-51.3,-90.0,bottom,J9,,PinSocket_1x04_P2.54mm_Vertical,Conn_01x04,tht,True
175.0,-83.0,180.0,top,L1,DD1274AS-H-100M=P3,1274AS,10uH,smt,True
104.5,-78.5,-90.0,top,Q1,SIRA88DP-T1-GE3,PowerPAK_SO-8_Single,SiRA88DP,smt,True
165.5,-87.5,90.0,top,Q10,SIRA88DP-T1-GE3,PowerPAK_SO-8_Single,SiRA88DP,smt,True
186.75,-90.3075,-90.0,top,Q11,SIS413DN-T1-GE3,Vishay_PowerPAK_1212-8_Single,SiS413DN,smt,True
107.75,-95.1625,90.0,top,Q2,SI2369DS-T1-GE3,SOT-23,Si2369DS,smt,True
104.5,-87.5,90.0,top,Q3,SIRA88DP-T1-GE3,PowerPAK_SO-8_Single,SiRA88DP,smt,True
103.5,-95.1625,90.0,top,Q4,SI2369DS-T1-GE3,SOT-23,Si2369DS,smt,True
132.5,-61.5,0.0,top,Q6,SIS413DN-T1-GE3,Vishay_PowerPAK_1212-8_Single,SiS413DN,smt,True
186.75,-76.25,90.0,top,Q7,SIS413DN-T1-GE3,Vishay_PowerPAK_1212-8_Single,SiS413DN,smt,True
186.75,-83.0,-90.0,top,Q8,SIS413DN-T1-GE3,Vishay_PowerPAK_1212-8_Single,SiS413DN,smt,True
165.5,-78.44,90.0,top,Q9,SIRA88DP-T1-GE3,PowerPAK_SO-8_Single,SiRA88DP,smt,True
147.0,-86.75,0.0,top,R1,CRCW06035K10FKEA,R_0603_1608Metric_Pad0.98x0.95mm_HandSolder,5.1k,smt,True
110.25,-83.75,180.0,top,R10,CRCW0603100RFKEC,R_0603_1608Metric_Pad0.98x0.95mm_HandSolder,100R,smt,True
110.25,-85.25,0.0,top,R11,CRCW06031M00FKEC,R_0603_1608Metric_Pad0.98x0.95mm_HandSolder,1M,smt,True
110.25,-86.75,180.0,top,R12,CRCW060310K0FKEC ,R_0603_1608Metric_Pad0.98x0.95mm_HandSolder,10k,smt,True
124.25,-86.75,180.0,top,R13,CRCW060310K0FKEC ,R_0603_1608Metric_Pad0.98x0.95mm_HandSolder,10k,smt,True
124.25,-91.25,0.0,top,R14,CRCW0603750KFKEA ,R_0603_1608Metric_Pad0.98x0.95mm_HandSolder,750k,smt,True
110.25,-89.75,180.0,top,R15,CRCW060310K0FKEC ,R_0603_1608Metric_Pad0.98x0.95mm_HandSolder,10k,smt,True
110.25,-91.25,180.0,top,R16,CRCW0603430KFKEA,R_0603_1608Metric_Pad0.98x0.95mm_HandSolder,430k,smt,True
110.25,-88.25,180.0,top,R17,CRCW06031M00FKEC,R_0603_1608Metric_Pad0.98x0.95mm_HandSolder,1M,smt,True
157.25,-73.0,-90.0,top,R18,CRCW06031M00FKEC,R_0603_1608Metric_Pad0.98x0.95mm_HandSolder,1M,smt,True
104.0,-70.5,90.0,top,R19,MSMA1206R0080FCM,SenseResistor_1206,8m,smt,True
124.25,-83.75,180.0,top,R2,CRCW0603100RFKEC,R_0603_1608Metric_Pad0.98x0.95mm_HandSolder,100R,smt,True
139.25,-76.5,-120.0,top,R20,CRCW06031K00FKEC,R_0603_1608Metric_Pad0.98x0.95mm_HandSolder,1k,smt,True
140.75,-77.75,45.0,top,R21,CRCW060310K0FKEC ,R_0603_1608Metric_Pad0.98x0.95mm_HandSolder,10k,smt,True
149.75,-76.5,-90.0,top,R22,CRCW06035K10FKEA,R_0603_1608Metric_Pad0.98x0.95mm_HandSolder,5.1k,smt,True
147.0,-85.25,0.0,top,R23,CRCW06035K10FKEA,R_0603_1608Metric_Pad0.98x0.95mm_HandSolder,5.1k,smt,True
130.25,-77.75,-45.0,top,R24,CRCW0603470RFKEC,R_0603_1608Metric_Pad0.98x0.95mm_HandSolder,470R,smt,True
131.75,-89.5,60.0,top,R25,CRCW06031K00FKEC,R_0603_1608Metric_Pad0.98x0.95mm_HandSolder,1k,smt,True
135.5,-75.5,-90.0,top,R28,CRCW0603100KFKEA,R_0603_1608Metric_Pad0.98x0.95mm_HandSolder,100k,smt,True
137.5,-75.75,-105.0,top,R29,CRCW060322K0FKEA,R_0603_1608Metric_Pad0.98x0.95mm_HandSolder,22k,smt,True
124.25,-79.25,180.0,top,R3,CRCW0603100RFKEC,R_0603_1608Metric_Pad0.98x0.95mm_HandSolder,100R,smt,True
133.5,-75.75,-75.0,top,R30,CRCW0603100RFKEC,R_0603_1608Metric_Pad0.98x0.95mm_HandSolder,100R,smt,True
157.25,-89.5,-90.0,top,R34,CRCW0603100KFKEA,R_0603_1608Metric_Pad0.98x0.95mm_HandSolder,100k,smt,True
157.25,-93.0,-90.0,top,R35,CRCW060310K0FKEC ,R_0603_1608Metric_Pad0.98x0.95mm_HandSolder,10k,smt,True
151.25,-73.0,90.0,top,R36,CRCW0603100KFKEA,R_0603_1608Metric_Pad0.98x0.95mm_HandSolder,100k,smt,True
151.25,-76.5,-90.0,top,R37,CRCW06031K00FKEC,R_0603_1608Metric_Pad0.98x0.95mm_HandSolder,1k,smt,True
152.75,-76.5,-90.0,top,R38,CRCW060310R0FKEC,R_0603_1608Metric_Pad0.98x0.95mm_HandSolder,10R,smt,True
155.75,-89.5,-90.0,top,R39,CRCW0603100KFKEA,R_0603_1608Metric_Pad0.98x0.95mm_HandSolder,100k,smt,True
124.25,-76.25,180.0,top,R4,CRCW0603100RFKEC,R_0603_1608Metric_Pad0.98x0.95mm_HandSolder,100R,smt,True
155.75,-93.0,-90.0,top,R40,CRCW06035K10FKEA,R_0603_1608Metric_Pad0.98x0.95mm_HandSolder,5.1k,smt,True
151.25,-89.5,-90.0,top,R41,CRCW0603100KFKEA,R_0603_1608Metric_Pad0.98x0.95mm_HandSolder,100k,smt,True
149.75,-93.0,-90.0,top,R42,CRCW060310K0FKEC ,R_0603_1608Metric_Pad0.98x0.95mm_HandSolder,10k,smt,True
179.0,-76.25,180.0,top,R43,MFSA1206R0100FCM,SenseResistor_1206,10m,smt,True
147.0,-80.75,180.0,top,R44,CRCW0603100RFKEC,R_0603_1608Metric_Pad0.98x0.95mm_HandSolder,100R,smt,True
149.75,-73.0,90.0,top,R45,CRCW06039K10FKEA,R_0603_1608Metric_Pad0.98x0.95mm_HandSolder,9.1k,smt,True
147.0,-79.25,0.0,top,R46,CRCW0603430KFKEA,R_0603_1608Metric_Pad0.98x0.95mm_HandSolder,430k,smt,True
179.0,-89.75,0.0,top,R47,MFSA1206R0100FCM,SenseResistor_1206,10m,smt,True
157.25,-76.5,90.0,top,R48,CRCW06031K00FKEC,R_0603_1608Metric_Pad0.98x0.95mm_HandSolder,1k,smt,True
151.25,-93.0,90.0,top,R49,CRCW06031M00FKEC,R_0603_1608Metric_Pad0.98x0.95mm_HandSolder,1M,smt,True
110.25,-76.25,0.0,top,R5,CRCW0603100RFKEC,R_0603_1608Metric_Pad0.98x0.95mm_HandSolder,100R,smt,True
152.75,-89.5,90.0,top,R50,CRCW0603200KFKEA,R_0603_1608Metric_Pad0.98x0.95mm_HandSolder,200k,smt,True
124.25,-82.25,0.0,top,R6,CRCW06031K00FKEC,R_0603_1608Metric_Pad0.98x0.95mm_HandSolder,1k,smt,True
124.25,-89.75,180.0,top,R7,CRCW060310K0FKEC ,R_0603_1608Metric_Pad0.98x0.95mm_HandSolder,10k,smt,True
110.25,-77.75,180.0,top,R8,CRCW0603100RFKEC,R_0603_1608Metric_Pad0.98x0.95mm_HandSolder,100R,smt,True
156.25,-106.0,0.0,bottom,TH1,NCP18XH103F03RB,R_0603_1608Metric_Pad0.98x0.95mm_HandSolder,NCP18XH103,smt,True
156.25,-60.0,0.0,bottom,TH3,NCP18XH103F03RB,R_0603_1608Metric_Pad0.98x0.95mm_HandSolder,NCP18XH103,smt,True
117.1875,-83.0,-90.0,top,U1,BQ7791500PWR,TSSOP-24_4.4x7.8mm_P0.65mm,TAS:BQ7791500,smt,True
135.5,-83.0,180.0,top,U2,STUSB4500QTR,QFN-24-1EP_4x4mm_P0.5mm_EP2.7x2.7mm,STUSB4500,smt,True
154.25,-83.0,-90.0,top,U3,BQ24617RGER,QFN-24-1EP_4x4mm_P0.5mm_EP2.15x2.15mm_ThermalVias,BQ24617,smt,True
