﻿pos_x,pos_y,rotation,side,designator,mpn,pack,value,mount_type,place
140.44,-56.03,0.0,top,AE1,,Texas_SWRA117D_2.4GHz_Right,MIFA,tht,True
124.5,-101.25,90.0,top,C1,CL10B104JB8NNNC,C_0603_1608Metric_Pad1.08x0.95mm_HandSolder,100n,smt,True
144.0,-85.25,180.0,top,C10,CL10A225KP8NNNC,C_0603_1608Metric_Pad1.08x0.95mm_HandSolder,2.2u,smt,True
139.49,-78.49,180.0,top,C11,CL10A225KP8NNNC,C_0603_1608Metric_Pad1.08x0.95mm_HandSolder,2.2u,smt,True
135.875,-78.5,0.0,top,C12,CL10B104JB8NNNC,C_0603_1608Metric_Pad1.08x0.95mm_HandSolder,100n,smt,True
135.75,-64.25,180.0,top,C13,CL10B333KB8NNNC,C_0603_1608Metric_Pad1.08x0.95mm_HandSolder,33n,smt,True
144.0,-86.75,180.0,top,C14,CL10B222KB8NNND,C_0603_1608Metric_Pad1.08x0.95mm_HandSolder,2.2n,smt,True
135.75,-87.75,180.0,top,C15,CL10B104JB8NNNC,C_0603_1608Metric_Pad1.08x0.95mm_HandSolder,100n,smt,True
144.0,-79.25,0.0,top,C16,CL10B222KB8NNND,C_0603_1608Metric_Pad1.08x0.95mm_HandSolder,2.2n,smt,True
139.5,-87.75,0.0,top,C17,CL10B104JB8NNNC,C_0603_1608Metric_Pad1.08x0.95mm_HandSolder,100n,smt,True
135.75,-56.75,0.0,top,C18,CL10B105KA8NFNC,C_0603_1608Metric_Pad1.08x0.95mm_HandSolder,1u,smt,True
147.5,-79.25,0.0,top,C19,CL10B105KA8NFNC,C_0603_1608Metric_Pad1.08x0.95mm_HandSolder,1u,smt,True
109.0,-94.75,90.0,top,C2,CL10B104JB8NNNC,C_0603_1608Metric_Pad1.08x0.95mm_HandSolder,100n,smt,True
147.5,-85.25,0.0,top,C20,CL10B105KA8NFNC,C_0603_1608Metric_Pad1.08x0.95mm_HandSolder,1u,smt,True
144.0,-80.75,180.0,top,C21,CL10B104JB8NNNC,C_0603_1608Metric_Pad1.08x0.95mm_HandSolder,100n,smt,True
135.75,-61.25,180.0,top,C22,CL10B104JB8NNNC,C_0603_1608Metric_Pad1.08x0.95mm_HandSolder,100n,smt,True
147.5,-80.75,0.0,top,C23,CL10B105KA8NFNC,C_0603_1608Metric_Pad1.08x0.95mm_HandSolder,1u,smt,True
131.5,-83.0,90.0,top,C24,CL31B106KBHNNNE,C_1206_3216Metric_Pad1.33x1.80mm_HandSolder,10u,smt,True
147.5,-86.75,0.0,top,C25,CL10B105KA8NFNC,C_0603_1608Metric_Pad1.08x0.95mm_HandSolder,1u,smt,True
134.5,-108.75,0.0,top,C26,CL10B105KA8NFNC,C_0603_1608Metric_Pad1.08x0.95mm_HandSolder,1u,smt,True
135.75,-59.75,180.0,top,C27,CL10B222KB8NNND,C_0603_1608Metric_Pad1.08x0.95mm_HandSolder,2.2n,smt,True
135.75,-58.25,180.0,top,C28,CL10C101JB8NNND,C_0603_1608Metric_Pad1.08x0.95mm_HandSolder,100p,smt,True
146.75,-58.75,0.0,top,C29,CL10C120JB8NNNC,C_0603_1608Metric_Pad1.08x0.95mm_HandSolder,12p,smt,True
111.0,-95.5,-90.0,top,C3,CL31B106KBHNNNE,C_1206_3216Metric_Pad1.33x1.80mm_HandSolder,10u,smt,True
146.75,-63.75,180.0,top,C30,CL10C120JB8NNNC,C_0603_1608Metric_Pad1.08x0.95mm_HandSolder,12p,smt,True
151.25,-82.25,0.0,top,C31,CL10B105KA8NFNC,C_0603_1608Metric_Pad1.08x0.95mm_HandSolder,1u,smt,True
155.5,-73.85,180.0,top,C32,CL31B106KBHNNNE,C_1206_3216Metric_Pad1.33x1.80mm_HandSolder,10u,smt,True
155.5,-64.0,180.0,top,C33,CL31B106KBHNNNE,C_1206_3216Metric_Pad1.33x1.80mm_HandSolder,10u,smt,True
160.75,-66.5,0.0,top,C34,CL31B106KBHNNNE,C_1206_3216Metric_Pad1.33x1.80mm_HandSolder,10u,smt,True
160.75,-69.0,0.0,top,C35,CL31B106KBHNNNE,C_1206_3216Metric_Pad1.33x1.80mm_HandSolder,10u,smt,True
160.75,-71.5,0.0,top,C36,CL31B106KBHNNNE,C_1206_3216Metric_Pad1.33x1.80mm_HandSolder,10u,smt,True
160.75,-74.0,0.0,top,C37,CL31B106KBHNNNE,C_1206_3216Metric_Pad1.33x1.80mm_HandSolder,10u,smt,True
122.6375,-63.5,0.0,top,C38,CL31B106KBHNNNE,C_1206_3216Metric_Pad1.33x1.80mm_HandSolder,10u,smt,True
155.5,-92.0,180.0,top,C39,CL31B106KBHNNNE,C_1206_3216Metric_Pad1.33x1.80mm_HandSolder,10u,smt,True
118.5,-101.25,90.0,top,C4,CL10B104JB8NNNC,C_0603_1608Metric_Pad1.08x0.95mm_HandSolder,100n,smt,True
155.5,-94.5,180.0,top,C40,CL31B106KBHNNNE,C_1206_3216Metric_Pad1.33x1.80mm_HandSolder,10u,smt,True
155.5,-97.0,180.0,top,C41,CL31B106KBHNNNE,C_1206_3216Metric_Pad1.33x1.80mm_HandSolder,10u,smt,True
155.5,-99.5,180.0,top,C42,CL31B106KBHNNNE,C_1206_3216Metric_Pad1.33x1.80mm_HandSolder,10u,smt,True
155.51,-71.5,180.0,top,C43,CL31B106KBHNNNE,C_1206_3216Metric_Pad1.33x1.80mm_HandSolder,10u,smt,True
155.51,-69.0,180.0,top,C44,CL31B106KBHNNNE,C_1206_3216Metric_Pad1.33x1.80mm_HandSolder,10u,smt,True
163.25,-76.25,180.0,top,C45,CL10B224KB8NNNC,C_0603_1608Metric_Pad1.08x0.95mm_HandSolder,220n,smt,True
165.5,-82.25,180.0,top,C46,CL10B224KB8NNNC,C_0603_1608Metric_Pad1.08x0.95mm_HandSolder,220n,smt,True
165.5,-83.75,180.0,top,C47,CL10B224KB8NNNC,C_0603_1608Metric_Pad1.08x0.95mm_HandSolder,220n,smt,True
163.25,-89.75,180.0,top,C48,CL10B224KB8NNNC,C_0603_1608Metric_Pad1.08x0.95mm_HandSolder,220n,smt,True
126.1375,-60.5,-90.0,top,C49,CL10B104JB8NNNC,C_0603_1608Metric_Pad1.08x0.95mm_HandSolder,100n,smt,True
129.0,-101.25,90.0,top,C5,CL10B104JB8NNNC,C_0603_1608Metric_Pad1.08x0.95mm_HandSolder,100n,smt,True
155.5,-66.5,180.0,top,C50,CL31B106KBHNNNE,C_1206_3216Metric_Pad1.33x1.80mm_HandSolder,10u,smt,True
155.5,-102.0,180.0,top,C51,CL31B106KBHNNNE,C_1206_3216Metric_Pad1.33x1.80mm_HandSolder,10u,smt,True
187.5,-102.25,90.0,top,C52,CL21B474KBFNNNE,C_0805_2012Metric_Pad1.18x1.45mm_HandSolder,470n,smt,True
187.5,-78.25,90.0,top,C53,CL21B474KBFNNNE,C_0805_2012Metric_Pad1.18x1.45mm_HandSolder,470n,smt,True
187.5,-87.75,90.0,top,C54,CL21B474KBFNNNE,C_0805_2012Metric_Pad1.18x1.45mm_HandSolder,470n,smt,True
187.5,-63.75,90.0,top,C55,CL21B474KBFNNNE,C_0805_2012Metric_Pad1.18x1.45mm_HandSolder,470n,smt,True
160.75,-92.0,0.0,top,C56,CL31B106KBHNNNE,C_1206_3216Metric_Pad1.33x1.80mm_HandSolder,10u,smt,True
160.75,-94.5,0.0,top,C57,CL31B106KBHNNNE,C_1206_3216Metric_Pad1.33x1.80mm_HandSolder,10u,smt,True
160.75,-97.0,0.0,top,C58,CL31B106KBHNNNE,C_1206_3216Metric_Pad1.33x1.80mm_HandSolder,10u,smt,True
160.75,-99.5,0.0,top,C59,CL31B106KBHNNNE,C_1206_3216Metric_Pad1.33x1.80mm_HandSolder,10u,smt,True
134.5,-104.25,0.0,top,C6,CL10B104JB8NNNC,C_0603_1608Metric_Pad1.08x0.95mm_HandSolder,100n,smt,True
122.6375,-66.0,0.0,top,C60,CL31B106KBHNNNE,C_1206_3216Metric_Pad1.33x1.80mm_HandSolder,10u,smt,True
156.25,-76.25,180.0,top,C61,CL10B104JB8NNNC,C_0603_1608Metric_Pad1.08x0.95mm_HandSolder,100n,smt,True
159.75,-76.25,180.0,top,C62,CL10B104JB8NNNC,C_0603_1608Metric_Pad1.08x0.95mm_HandSolder,100n,smt,True
122.6375,-68.5,0.0,top,C63,CL31B106KBHNNNE,C_1206_3216Metric_Pad1.33x1.80mm_HandSolder,10u,smt,True
159.75,-89.75,180.0,top,C64,CL10B222KB8NNND,C_0603_1608Metric_Pad1.08x0.95mm_HandSolder,2.2n,smt,True
156.25,-89.75,180.0,top,C65,CL10B222KB8NNND,C_0603_1608Metric_Pad1.08x0.95mm_HandSolder,2.2n,smt,True
160.75,-64.0,0.0,top,C66,CL31B106KBHNNNE,C_1206_3216Metric_Pad1.33x1.80mm_HandSolder,10u,smt,True
160.75,-102.0,0.0,top,C67,CL31B106KBHNNNE,C_1206_3216Metric_Pad1.33x1.80mm_HandSolder,10u,smt,True
185.75,-78.25,90.0,top,C68,CL10B104JB8NNNC,C_0603_1608Metric_Pad1.08x0.95mm_HandSolder,100n,smt,True
184.25,-78.25,90.0,top,C69,CL10B104JB8NNNC,C_0603_1608Metric_Pad1.08x0.95mm_HandSolder,100n,smt,True
134.5,-105.75,0.0,top,C7,CL10A475KP8NNNL,C_0603_1608Metric_Pad1.08x0.95mm_HandSolder,4.7u,smt,True
185.75,-87.75,90.0,top,C70,CL10B104JB8NNNC,C_0603_1608Metric_Pad1.08x0.95mm_HandSolder,100n,smt,True
184.25,-87.75,90.0,top,C71,CL10B104JB8NNNC,C_0603_1608Metric_Pad1.08x0.95mm_HandSolder,100n,smt,True
185.75,-63.75,90.0,top,C72,CL10B104JB8NNNC,C_0603_1608Metric_Pad1.08x0.95mm_HandSolder,100n,smt,True
184.25,-63.75,90.0,top,C73,CL10B104JB8NNNC,C_0603_1608Metric_Pad1.08x0.95mm_HandSolder,100n,smt,True
185.75,-102.25,90.0,top,C74,CL10B104JB8NNNC,C_0603_1608Metric_Pad1.08x0.95mm_HandSolder,100n,smt,True
184.25,-102.25,90.0,top,C75,CL10B104JB8NNNC,C_0603_1608Metric_Pad1.08x0.95mm_HandSolder,100n,smt,True
143.5,-56.75,0.0,top,C76,CL10B222KB8NNND,C_0603_1608Metric_Pad1.08x0.95mm_HandSolder,2.2n,smt,True
134.5,-99.0,180.0,top,C8,CL10B104JB8NNNC,C_0603_1608Metric_Pad1.08x0.95mm_HandSolder,100n,smt,True
146.5,-99.0,0.0,top,C9,CL10B104JB8NNNC,C_0603_1608Metric_Pad1.08x0.95mm_HandSolder,100n,smt,True
115.5,-97.0,-90.0,top,D1,PMEG60T30ELRX,Nexperia_CFP3_SOD-123W,PMEG60T,smt,True
129.0,-97.0,-90.0,top,D10,,D_SOD-123,1N4148W,smt,True
124.5,-97.0,-90.0,top,D11,,D_SOD-123,1N4148W,smt,True
126.75,-97.0,-90.0,top,D12,,D_SOD-123,1N4148W,smt,True
151.25,-88.25,0.0,top,D13,,LED_0603_1608Metric_Pad1.05x0.95mm_HandSolder,LED_green,smt,True
151.25,-77.75,0.0,top,D14,,LED_0603_1608Metric_Pad1.05x0.95mm_HandSolder,LED_red,smt,True
174.75,-108.0,0.0,top,D15,PMEG60T30ELRX,Nexperia_CFP3_SOD-123W,PMEG60T,smt,True
130.5225,-108.0225,-90.0,top,D2,PMEG60T30ELRX,Nexperia_CFP3_SOD-123W,PMEG60T,smt,True
120.0,-97.0,-90.0,top,D3,PMEG60T30ELRX,Nexperia_CFP3_SOD-123W,PMEG60T,smt,True
174.75,-58.0,0.0,top,D4,PMEG60T30ELRX,Nexperia_CFP3_SOD-123W,PMEG60T,smt,True
117.75,-97.0,-90.0,top,D5,PMEG60T30ELRX,Nexperia_CFP3_SOD-123W,PMEG60T,smt,True
122.25,-97.0,-90.0,top,D6,PMEG60T30ELRX,Nexperia_CFP3_SOD-123W,PMEG60T,smt,True
166.5,-113.0,90.0,top,D7,,RGB_LED,RGB LED,smt,True
151.25,-90.0,0.0,top,D8,,LED_0603_1608Metric_Pad1.05x0.95mm_HandSolder,LED_green,smt,True
151.25,-76.0,0.0,top,D9,,LED_0603_1608Metric_Pad1.05x0.95mm_HandSolder,LED_amber,smt,True
187.0,-53.0,0.0,top,H1,,MountingHole_3.2mm_M3_DIN965_Pad,Hole,tht,True
103.0,-53.0,0.0,top,H2,,MountingHole_3.2mm_M3_DIN965_Pad,Hole,tht,True
187.0,-113.0,0.0,top,H3,,MountingHole_3.2mm_M3_DIN965_Pad,Hole,tht,True
103.0,-113.0,0.0,top,H4,,MountingHole_3.2mm_M3_DIN965_Pad,Hole,tht,True
123.5,-113.0,0.0,top,J1,USB4105-GF-A,USB_C_Receptacle_GCT_USB4105-xx-A_16P_TopMnt_Horizontal,USB_C_Receptacle,smt,True
108.0,-51.3,-90.0,bottom,J2,,PinSocket_1x04_P2.54mm_Vertical,Conn_01x04,tht,True
108.0,-114.7,-90.0,bottom,J3,,PinSocket_1x04_P2.54mm_Vertical,Conn_01x04,tht,True
174.38,-114.7,-90.0,bottom,J4,,PinSocket_1x04_P2.54mm_Vertical,Conn_01x04,tht,True
174.38,-51.3,-90.0,bottom,J5,,PinSocket_1x04_P2.54mm_Vertical,Conn_01x04,tht,True
186.0,-73.54,90.0,top,J6,,TerminalBlock_bornier-2_P5.08mm,Terminal,tht,True
186.0,-97.54,90.0,top,J7,,TerminalBlock_bornier-2_P5.08mm,Terminal,tht,True
148.4575,-82.8575,-90.0,bottom,JP1,,SolderJumper-3_P1.3mm_Bridged12_RoundedPad1.0x1.5mm,Jumper,tht,True
175.0,-65.0,0.0,top,L1,DD1274AS-H-100M=P3,1274AS,10uH,smt,True
175.0,-77.0,180.0,top,L2,DD1274AS-H-100M=P3,1274AS,10uH,smt,True
175.0,-89.0,0.0,top,L3,DD1274AS-H-100M=P3,1274AS,10uH,smt,True
175.0,-101.0,180.0,top,L4,DD1274AS-H-100M=P3,1274AS,10uH,smt,True
114.5,-65.0,-90.0,top,L5,DD1274AS-H-100M=P3,1274AS,10uH,smt,True
146.75,-101.5,0.0,top,Q1,BC817-QR,SOT-23,BC817,smt,True
134.5,-101.5,180.0,top,Q2,BC817-QR,SOT-23,BC817,smt,True
115.5,-101.25,90.0,top,R1,CRCW06031M00FKEC,R_0603_1608Metric_Pad0.98x0.95mm_HandSolder,1M,smt,True
146.5,-105.75,180.0,top,R10,CRCW06032K00FKEC,R_0603_1608Metric_Pad0.98x0.95mm_HandSolder,2k,smt,True
127.5225,-101.25,90.0,top,R11,CRCW06031M00FKEC,R_0603_1608Metric_Pad0.98x0.95mm_HandSolder,1M,smt,True
126.0,-101.25,-90.0,top,R12,CRCW0603100KFKEA,R_0603_1608Metric_Pad0.98x0.95mm_HandSolder,100k,smt,True
129.75,-89.0,0.0,top,R13,CRCW0603100KFKEA,R_0603_1608Metric_Pad0.98x0.95mm_HandSolder,100k,smt,True
129.75,-90.5,0.0,top,R14,CRCW0603100KFKEA,R_0603_1608Metric_Pad0.98x0.95mm_HandSolder,100k,smt,True
140.5,-100.5,0.0,top,R15,CRCW060310K0FKEC ,R_0603_1608Metric_Pad0.98x0.95mm_HandSolder,10k,smt,True
140.5,-99.0,180.0,top,R16,CRCW060310K0FKEC ,R_0603_1608Metric_Pad0.98x0.95mm_HandSolder,10k,smt,True
146.5,-104.25,0.0,top,R17,CRCW060310K0FKEC ,R_0603_1608Metric_Pad0.98x0.95mm_HandSolder,10k,smt,True
106.0,-57.5,180.0,top,R19,CRCW060310K0FKEC ,R_0603_1608Metric_Pad0.98x0.95mm_HandSolder,10k,smt,True
121.5,-101.25,90.0,top,R2,CRCW06031M00FKEC,R_0603_1608Metric_Pad0.98x0.95mm_HandSolder,1M,smt,True
109.3,-57.5,0.0,top,R20,CRCW060310K0FKEC ,R_0603_1608Metric_Pad0.98x0.95mm_HandSolder,10k,smt,True
154.5,-109.25,90.0,top,R21,CRCW06032K00FKEC,R_0603_1608Metric_Pad0.98x0.95mm_HandSolder,2k,smt,True
156.0,-109.25,90.0,top,R22,CRCW06032K00FKEC,R_0603_1608Metric_Pad0.98x0.95mm_HandSolder,2k,smt,True
135.75,-62.75,180.0,top,R23,CRCW060322K0FKEA,R_0603_1608Metric_Pad0.98x0.95mm_HandSolder,22k,smt,True
144.0,-82.25,180.0,top,R24,CRCW0603470RFKEA,R_0603_1608Metric_Pad0.98x0.95mm_HandSolder,470R,smt,True
144.0,-83.75,180.0,top,R25,CRCW0603470RFKEA,R_0603_1608Metric_Pad0.98x0.95mm_HandSolder,470R,smt,True
157.5,-109.25,90.0,top,R26,CRCW06032K00FKEC,R_0603_1608Metric_Pad0.98x0.95mm_HandSolder,2k,smt,True
129.75,-87.5,180.0,top,R27,CRCW06032K00FKEC,R_0603_1608Metric_Pad0.98x0.95mm_HandSolder,2k,smt,True
130.0,-75.25,180.0,top,R28,CRCW06032K00FKEC,R_0603_1608Metric_Pad0.98x0.95mm_HandSolder,2k,smt,True
130.0,-73.75,180.0,top,R29,CRCW0603100KFKEA,R_0603_1608Metric_Pad0.98x0.95mm_HandSolder,100k,smt,True
123.0,-101.25,-90.0,top,R3,CRCW0603100KFKEA,R_0603_1608Metric_Pad0.98x0.95mm_HandSolder,100k,smt,True
144.5,-61.25,90.0,top,R30,CRCW06031M00FKEC,R_0603_1608Metric_Pad0.98x0.95mm_HandSolder,1M,smt,True
151.25,-86.75,180.0,top,R31,CRCW06032K00FKEC,R_0603_1608Metric_Pad0.98x0.95mm_HandSolder,2k,smt,True
151.25,-79.25,0.0,top,R32,CRCW06032K00FKEC,R_0603_1608Metric_Pad0.98x0.95mm_HandSolder,2k,smt,True
147.5,-83.75,0.0,top,R33,,R_0603_1608Metric_Pad0.98x0.95mm_HandSolder,(NC),smt,True
151.25,-83.75,0.0,top,R34,CRCW06035K60FKEA,R_0603_1608Metric_Pad0.98x0.95mm_HandSolder,5.6k,smt,True
147.5,-82.25,0.0,top,R35,CRCW0603100KFKEA,R_0603_1608Metric_Pad0.98x0.95mm_HandSolder,100k,smt,True
126.1375,-67.75,90.0,top,R36,CRCW060351K0FKEA,R_0603_1608Metric_Pad0.98x0.95mm_HandSolder,51k,smt,True
126.1375,-64.25,90.0,top,R37,CRCW060322K0FKEA,R_0603_1608Metric_Pad0.98x0.95mm_HandSolder,22k,smt,True
134.5,-110.25,180.0,top,R38,,R_0603_1608Metric_Pad0.98x0.95mm_HandSolder,(NC),smt,True
129.75,-92.0,0.0,top,R39,,R_0603_1608Metric_Pad0.98x0.95mm_HandSolder,(NC),smt,True
121.0,-106.5,180.0,top,R4,CRCW06035K10FKEA,R_0603_1608Metric_Pad0.98x0.95mm_HandSolder,5.1k,smt,True
130.0,-76.75,0.0,top,R40,,R_0603_1608Metric_Pad0.98x0.95mm_HandSolder,(NC),smt,True
126.25,-106.5,0.0,top,R5,CRCW06035K10FKEA,R_0603_1608Metric_Pad0.98x0.95mm_HandSolder,5.1k,smt,True
117.0,-101.25,90.0,top,R6,CRCW06031M00FKEC,R_0603_1608Metric_Pad0.98x0.95mm_HandSolder,1M,smt,True
120.0,-101.25,-90.0,top,R7,CRCW0603200KFKEA,R_0603_1608Metric_Pad0.98x0.95mm_HandSolder,200k,smt,True
134.5,-107.25,0.0,top,R8,CRCW060322K0FKEA,R_0603_1608Metric_Pad0.98x0.95mm_HandSolder,22k,smt,True
146.5,-107.25,0.0,top,R9,CRCW060347K5FKEA,R_0603_1608Metric_Pad0.98x0.95mm_HandSolder,47.5k,smt,True
145.0,-111.75,-90.0,top,SW1,EC11,EC11_RotaryEncoder,Rotary Encoder,smt,True
133.0,-114.0,180.0,top,SW2,EVQ-PUK02K,Panasonic_EVQPUK_EVQPUB,BOOT,smt,True
157.0,-114.0,180.0,top,SW3,EVQ-PUK02K,Panasonic_EVQPUK_EVQPUB,EN,smt,True
110.245,-104.0,-90.0,top,SW4,219-2MST,SW_DIP_SPSTx02_Slide_6.7x6.64mm_W8.61mm_P2.54mm_LowProfile,SW_DIP_x02,smt,True
115.93,-83.0,90.0,top,U1,ESP32-WROOM-32E-N4,ESP32-WROOM-32D,ESP32-WROOM-32E,smt,True
140.5,-104.75,0.0,top,U2,CP2102N-A02-GQFN28,QFN-28-1EP_5x5mm_P0.5mm_EP3.35x3.35mm,CP2102N-Axx-xQFN28,smt,True
137.75,-83.0,180.0,top,U3,PCM5101AQPWRQ1 ,TSSOP-20_4.4x6.5mm_P0.65mm,PCM5101A,smt,True
140.5,-61.25,90.0,top,U4,nRF24L01P,QFN-20-1EP_4x4mm_P0.5mm_EP2.5x2.5mm,nRF24L01P,smt,True
140.5,-57.344961,0.0,top,U5,2450BM14A0002T,2450BM14E0003T_JOT-L,2450BM14E0002T,smt,True
158.0,-83.0,0.0,top,U6,TPA3128D2DAPR ,DAP32_4P36X4P11_TEX,TPA3128,smt,True
122.3875,-60.5,0.0,top,U7,LMR51430YDDCR,SOT-23-6,LMR51430,smt,True
146.75,-61.25,-90.0,top,Y1,ECS-160-10-36-CKM-TR3,Crystal_SMD_2520-4Pin_2.5x2.0mm,16 MHz,smt,True
