﻿designator,quantity,value,pack,mpn,mount_type
AE1,1,MIFA,Texas_SWRA117D_2.4GHz_Right,,tht
"C1, C12, C15, C17, C2, C21, C22, C4, C49, C5, C6, C61, C62, C68, C69, C70, C71, C72, C73, C74, C75, C8, C9",23,100n,C_0603_1608Metric_Pad1.08x0.95mm_HandSolder,CL10B104JB8NNNC,smt
"C10, C11",2,2.2u,C_0603_1608Metric_Pad1.08x0.95mm_HandSolder,CL10A225KP8NNNC,smt
C13,1,33n,C_0603_1608Metric_Pad1.08x0.95mm_HandSolder,CL10B333KB8NNNC,smt
"C14, C16, C27, C64, C65, C76",6,2.2n,C_0603_1608Metric_Pad1.08x0.95mm_HandSolder,CL10B222KB8NNND,smt
"C18, C19, C20, C23, C25, C26, C31",7,1u,C_0603_1608Metric_Pad1.08x0.95mm_HandSolder,CL10B105KA8NFNC,smt
"C24, C3, C32, C33, C34, C35, C36, C37, C38, C39, C40, C41, C42, C43, C44, C50, C51, C56, C57, C58, C59, C60, C63, C66, C67",25,10u,C_1206_3216Metric_Pad1.33x1.80mm_HandSolder,CL31B106KBHNNNE,smt
C28,1,100p,C_0603_1608Metric_Pad1.08x0.95mm_HandSolder,CL10C101JB8NNND,smt
"C29, C30",2,12p,C_0603_1608Metric_Pad1.08x0.95mm_HandSolder,CL10C120JB8NNNC,smt
"C45, C46, C47, C48",4,220n,C_0603_1608Metric_Pad1.08x0.95mm_HandSolder,CL10B224KB8NNNC,smt
"C52, C53, C54, C55",4,470n,C_0805_2012Metric_Pad1.18x1.45mm_HandSolder,CL21B474KBFNNNE,smt
C7,1,4.7u,C_0603_1608Metric_Pad1.08x0.95mm_HandSolder,CL10A475KP8NNNL,smt
"D1, D15, D2, D3, D4, D5, D6",7,PMEG60T,Nexperia_CFP3_SOD-123W,PMEG60T30ELRX,smt
"D10, D11, D12",3,1N4148W,D_SOD-123,,smt
"D13, D8",2,LED_green,LED_0603_1608Metric_Pad1.05x0.95mm_HandSolder,,smt
D14,1,LED_red,LED_0603_1608Metric_Pad1.05x0.95mm_HandSolder,,smt
D7,1,RGB LED,RGB_LED,,smt
D9,1,LED_amber,LED_0603_1608Metric_Pad1.05x0.95mm_HandSolder,,smt
"H1, H2, H3, H4",4,Hole,MountingHole_3.2mm_M3_DIN965_Pad,,tht
J1,1,USB_C_Receptacle,USB_C_Receptacle_GCT_USB4105-xx-A_16P_TopMnt_Horizontal,USB4105-GF-A,smt
"J2, J3, J4, J5",4,Conn_01x04,PinSocket_1x04_P2.54mm_Vertical,,tht
"J6, J7",2,Terminal,TerminalBlock_bornier-2_P5.08mm,,tht
JP1,1,Jumper,SolderJumper-3_P1.3mm_Bridged12_RoundedPad1.0x1.5mm,,tht
"L1, L2, L3, L4, L5",5,10uH,1274AS,DD1274AS-H-100M=P3,smt
"Q1, Q2",2,BC817,SOT-23,BC817-QR,smt
"R1, R11, R2, R30, R6",5,1M,R_0603_1608Metric_Pad0.98x0.95mm_HandSolder,CRCW06031M00FKEC,smt
"R10, R21, R22, R26, R27, R28, R31, R32",8,2k,R_0603_1608Metric_Pad0.98x0.95mm_HandSolder,CRCW06032K00FKEC,smt
"R12, R13, R14, R29, R3, R35",6,100k,R_0603_1608Metric_Pad0.98x0.95mm_HandSolder,CRCW0603100KFKEA,smt
"R15, R16, R17, R19, R20",5,10k,R_0603_1608Metric_Pad0.98x0.95mm_HandSolder,CRCW060310K0FKEC ,smt
"R23, R37, R8",3,22k,R_0603_1608Metric_Pad0.98x0.95mm_HandSolder,CRCW060322K0FKEA,smt
"R24, R25",2,470R,R_0603_1608Metric_Pad0.98x0.95mm_HandSolder,CRCW0603470RFKEA,smt
"R33, R38, R39, R40",4,(NC),R_0603_1608Metric_Pad0.98x0.95mm_HandSolder,,smt
R34,1,5.6k,R_0603_1608Metric_Pad0.98x0.95mm_HandSolder,CRCW06035K60FKEA,smt
R36,1,51k,R_0603_1608Metric_Pad0.98x0.95mm_HandSolder,CRCW060351K0FKEA,smt
"R4, R5",2,5.1k,R_0603_1608Metric_Pad0.98x0.95mm_HandSolder,CRCW06035K10FKEA,smt
R7,1,200k,R_0603_1608Metric_Pad0.98x0.95mm_HandSolder,CRCW0603200KFKEA,smt
R9,1,47.5k,R_0603_1608Metric_Pad0.98x0.95mm_HandSolder,CRCW060347K5FKEA,smt
SW1,1,Rotary Encoder,EC11_RotaryEncoder,EC11,smt
SW2,1,BOOT,Panasonic_EVQPUK_EVQPUB,EVQ-PUK02K,smt
SW3,1,EN,Panasonic_EVQPUK_EVQPUB,EVQ-PUK02K,smt
SW4,1,SW_DIP_x02,SW_DIP_SPSTx02_Slide_6.7x6.64mm_W8.61mm_P2.54mm_LowProfile,219-2MST,smt
U1,1,ESP32-WROOM-32E,ESP32-WROOM-32D,ESP32-WROOM-32E-N4,smt
U2,1,CP2102N-Axx-xQFN28,QFN-28-1EP_5x5mm_P0.5mm_EP3.35x3.35mm,CP2102N-A02-GQFN28,smt
U3,1,PCM5101A,TSSOP-20_4.4x6.5mm_P0.65mm,PCM5101AQPWRQ1 ,smt
U4,1,nRF24L01P,QFN-20-1EP_4x4mm_P0.5mm_EP2.5x2.5mm,nRF24L01P,smt
U5,1,2450BM14E0002T,2450BM14E0003T_JOT-L,2450BM14A0002T,smt
U6,1,TPA3128,DAP32_4P36X4P11_TEX,TPA3128D2DAPR ,smt
U7,1,LMR51430,SOT-23-6,LMR51430YDDCR,smt
Y1,1,16 MHz,Crystal_SMD_2520-4Pin_2.5x2.0mm,ECS-160-10-36-CKM-TR3,smt
